time,vehicle x-position,vehicle y-position,vehicle z-position,velocity (m/s),revolutions per minute,roll (radians),pitch (radians),yaw (radians),water temperature (Celsius),velocity (m/s),rotation of the steering wheel,throttle,brake,clutch,airspeed,airflow speed,altitude,reverse,throttle,
0.0095000006258488,904.47671230484,-380.00731070759,43.250642556683,6.7709027578677,2781.978958945,-0.010334333404899,0.064306780695915,-0.084909908473492,83.55713187716,6.7709027578677,2.6540552328799,0.95700019886892,0,0,6.5883400655079,6.4721313757818,43.238338881812,0,0.95700019886892,
5.0255003292114,902.16855156177,-465.87459399644,43.08220105599,22.556562324465,5379.8127694702,-0.015988951548934,-0.0072813900187612,0.054396979510784,88.278562675251,22.556562324465,12.090532270248,0.17044036034655,0,0,22.552395676389,22.550788496337,43.086508175598,0,0.17044036034655,
10.044000647962,902.89549388527,-573.01672125235,40.595434684947,14.860590471082,1794.0294539237,0.0065188067965209,-0.05876874178648,-0.18329122662544,87.916653747257,14.860590471082,6.6307182005854,0,0,0,15.001229598957,15.089422528757,40.628678562117,0,0,
15.064001027495,898.62514489835,-595.18548854767,40.098490450027,0.040128186318053,730.60287908358,-0.00087826326489449,-0.010084005072713,-0.36064493656158,88.022211335052,0.040128186318053,4.1340154870768e-06,0,0.3,0,0.030382469017014,0.020572180799747,40.098685352609,0,0,
20.076001417823,898.62499374634,-595.18528576929,40.098915804053,0.0010524743788679,721.78981137653,-0.00069886655546725,-0.0098311780020595,-0.36094710230827,88.082566742108,0.0010524743788679,3.6506512099014e-10,0,0.3,0,0.001176356608803,0.0010683707380358,40.098915806653,0,0,
25.095501698554,898.62501768411,-595.18520461613,40.098913574945,4.9416957833483e-05,730.67389079108,-0.00070940377190709,-0.0098378760740161,-0.36095035076141,88.146977453624,4.9416957833483e-05,1.5701725633984e-12,0,0.3,0,0.00013834793544411,9.8585619507363e-05,40.098913356682,0,0,
30.110502088442,898.62502223598,-595.18520051024,40.09891346754,0.00014682303959387,725.4957915938,-0.00070462469011545,-0.0098393121734262,-0.360949665308,88.210158478706,0.00014682303959387,0,0,0.3,0,0.00011069277280752,4.4589056653929e-05,40.098912065848,0,0,