time,Rear Driveshaft is broken,
0.0095000006258488,false,
5.0255003292114,false,
10.044000647962,false,
15.064001027495,false,
20.076001417823,false,
25.095501698554,false,
30.110502088442,false,