time,Rear Driveshaft is broken,
0.0095000006258488,false,
5.0255003152415,false,
10.043500616215,false,
15.060500923544,false,
20.072001244873,false,