time,Rear Driveshaft is broken,
0.0095000006258488,false,
5.0275003239512,false,
10.040000633337,false,
15.056501009502,false,
20.10900120344,false,
25.164001255296,false,
30.201001398265,false,
35.261001460254,false,