time,Rear Driveshaft is broken,
0.0095000006258488,false,
5.0260003237054,false,
10.043500665575,false,
15.055500992574,false,