time,Rear Driveshaft is broken,
0.0090000005438924,false,
5.0190003030002,false,
10.029500623234,false,
15.048500960693,false,
20.066001295112,false,
25.078501636162,false,
30.092501971871,false,