time,Rear Driveshaft is broken,
0.0095000006258488,false,
5.0260003367439,false,
10.042500662617,false,
15.062001046725,false,
20.113001283258,false,
25.162501323968,false,
30.22750139609,false,
35.24250163231,false,