time,Rear Driveshaft is broken,
0.008500000461936,false,
5.0265003079548,false,
10.037000620738,false,
15.050000937656,false,
20.063501274213,false,
25.073001597077,false,