time,Rear Driveshaft is broken,
0.0095000006258488,false,
5.023000295274,false,
10.034000598826,false,
15.044500939548,false,
20.062001284212,false,