time,vehicle x-position,vehicle y-position,vehicle z-position,velocity (m/s),revolutions per minute,roll (radians),pitch (radians),yaw (radians),water temperature (Celsius),velocity (m/s),rotation of the steering wheel,throttle,brake,clutch,airspeed,airflow speed,altitude,reverse,throttle,
0.0095000006258488,907.46868233517,-215.18769385247,40.077437953354,13.9829236653,5354.9020209751,0.0073747094720602,0.003557980293408,0.079358734190464,84.124221933655,13.9829236653,-1.4412698275381,0.96184001895524,0,0,13.78450954593,13.655286301497,40.086140077353,0,0.96184001895524,
5.0205003460869,907.45498539787,-319.22236238513,40.911360377155,22.553936630004,5366.0186504411,-0.0055859461426735,0.017805995419621,-0.10059215128422,86.893413530026,22.553936630004,1.9556076557076,0.14977648706353,0,0,22.55350198565,22.553417795826,40.892793927109,0,0.14977648706353,
10.039500683546,901.90232282458,-432.01310991962,43.719656025467,22.557726975287,5353.7178731289,0.01056472864002,-0.026528298854828,-0.019487783312798,88.184913862805,22.557726975287,6.8495270758813,0.12088333481091,0,0,22.558431498827,22.558103057622,43.738984963445,0,0.12088333481091,
15.054001057521,903.03043565453,-475.9680694147,43.004028334596,0.062371757388189,728.8007965204,-0.00048167517525144,-0.0057863579131663,0.078257463872433,88.011011589897,0.062371757388189,6.8153104588425e-07,0,0.3,0,0.049355050337237,0.035253999652198,43.004165317267,0,0,
20.066501407884,903.03038664498,-475.96858637428,43.004233511239,0.001848126463831,728.13500742283,-0.00048588798381388,-0.0053666010499001,0.078228838741779,87.991674853961,0.001848126463831,1.639260156188e-08,0,0.3,0,0.0037473842142647,0.0040131066537951,43.00421984818,0,0,