time,Rear Driveshaft is broken,
0.0095000006258488,false,
5.0205003460869,false,
10.039500683546,false,
15.054001057521,false,
20.066501407884,false,