time,Rear Driveshaft is broken,
0.0095000006258488,false,
5.0225003398955,false,
10.033000673167,false,
15.049000995234,false,
20.060001319274,false,