time,Rear Driveshaft is broken,
0.0095000006258488,false,
5.0235003316775,false,
10.041000659578,false,
15.05850098934,false,
20.079001357779,false,
25.086501692422,false,
30.136501900852,false,
35.171501979232,false,
40.230502039194,false,