time,vehicle x-position,vehicle y-position,vehicle z-position,velocity (m/s),revolutions per minute,roll (radians),pitch (radians),yaw (radians),water temperature (Celsius),velocity (m/s),rotation of the steering wheel,throttle,brake,clutch,airspeed,airflow speed,altitude,reverse,throttle,
0.0095000006258488,904.50918825195,-379.6340055312,43.232640956019,6.5231354522568,2692.3349587488,-0.0097293211147189,0.064200706779957,-0.085129916667938,83.416769442963,6.5231354522568,1.600240107844,0.96822404118392,0,0,6.339004479294,6.2231615359555,43.221031822097,0,0.96822404118392,
5.0270003220066,902.21024809877,-464.70502008777,43.088023484819,22.537085822422,5371.0096437385,-0.018212156370282,-0.0067579969763756,0.057206768542528,88.271231326397,22.537085822422,10.513263000935,0.15069247447562,0,0,22.547655967649,22.550510297155,43.093843883132,0,0.15069247447562,
10.039500637911,904.72343233699,-567.2455454166,40.923597000103,13.659338186899,720.03241457854,-0.00049009267240763,-0.052171517163515,-0.087502330541611,87.785023364738,13.659338186899,1.0100478945656,0,0,0,13.77501468453,13.857736363781,40.947765266461,0,0,
15.056000993587,902.89235920768,-585.55717983452,40.194685261936,0.036571989146802,728.50377982904,0.0038177676033229,-0.031971789896488,-0.20272323489189,87.833369377911,0.036571989146802,-1.0657153730926e-08,0,0.3,0,0.025725516152673,0.017295866295925,40.194601761941,0,0,