time,Rear Driveshaft is broken,
0.0095000006258488,false,
5.0270003220066,false,
10.039500637911,false,
15.056000993587,false,