time,vehicle x-position,vehicle y-position,vehicle z-position,velocity (m/s),revolutions per minute,roll (radians),pitch (radians),yaw (radians),water temperature (Celsius),velocity (m/s),rotation of the steering wheel,throttle,brake,clutch,airspeed,airflow speed,altitude,reverse,throttle,
0.010000000707805,909.48223934591,-253.26418515458,40.170142114061,6.2856987889056,2629.9647033844,0.01761963032186,0.045090593397617,0.0044507505372167,82.920973239439,6.2856987889056,1.3102539332322,0.97877426694164,0,0,6.1043779941673,5.9976137989426,40.170287867536,0,0.97877426694164,
5.0235003288835,906.10344822198,-338.04994274117,41.385081112268,22.574676836802,5351.9775202036,-0.0099351182579994,0.034676928073168,-0.052897691726685,88.625622645662,22.574676836802,2.5994873272737,0.13418964781785,0,0,22.5620393222,22.546905701178,41.358748831342,0,0.13418964781785,
10.033500628546,901.83559797324,-450.63632082846,43.322404688734,21.680212337315,4980.2313701586,-0.017824083566666,-0.023089880123734,0.025370350107551,89.554314308649,21.680212337315,14.966939132242,0,0.6517074353013,0,21.926402650584,22.074226320618,43.332761481536,0,0,
15.046500963159,903.67761947312,-479.95292795277,42.990751187946,0.037900373948563,726.35083218321,-0.0051789688877761,-0.0078178560361266,0.084805630147457,88.592828491002,0.037900373948563,-4.6107081677273,0,0.3,0,0.028773054618899,0.019683732678387,42.990932905461,0,0,
20.062001304701,903.67766227899,-479.95272197495,42.991084156678,0.00025711299663222,726.3878564482,-0.0052124778740108,-0.0075639211572707,0.084895864129066,88.660813115041,0.00025711299663222,-4.7720099977319,0,0.3,0,0.00051780295000034,0.00059170759773729,42.991087187214,0,0,