time,Rear Driveshaft is broken,
0.010000000707805,false,
5.0235003288835,false,
10.033500628546,false,
15.046500963159,false,
20.062001304701,false,