time,Rear Driveshaft is broken,
0.0090000005438924,false,
5.0260003060102,false,
10.043500607833,false,
15.061500925571,false,