time,Rear Driveshaft is broken,
0.0090000005438924,false,
5.0250003067777,false,
10.039000611752,false,
15.051000941545,false,