time,vehicle x-position,vehicle y-position,vehicle z-position,velocity (m/s),revolutions per minute,roll (radians),pitch (radians),yaw (radians),water temperature (Celsius),velocity (m/s),rotation of the steering wheel,throttle,brake,clutch,airspeed,airflow speed,altitude,reverse,throttle,
0.0090000005438924,904.70386677289,-377.41621030355,43.134850307106,4.4430815396246,2148.8795298613,-0.0058112726546824,0.065950393676758,-0.079728879034519,82.142624857548,4.4430815396246,-14.138793051835,0.94275177635644,0,0,4.2580394452546,4.1285853357215,43.128089067925,0,0.94275177635644,
5.0225003100932,901.48726804007,-455.0013973387,43.25584139819,22.332068068011,5334.2351908065,-0.019244717434049,-0.019751170650125,0.01209423225373,87.91801906724,22.332068068011,21.169699979403,0.1917132827806,0,0,22.315910960263,22.306263583289,43.269807104282,0,0.1917132827806,
10.036500617862,905.76952786604,-553.28343391558,41.795197832951,11.571883741721,718.63436555512,0.017381062731147,-0.076144114136696,-0.088144771754742,87.52654889148,11.571883741721,4.5541070396276,0,0.3,0,11.671642590504,11.741938354551,41.828401758611,0,0,
15.054500957951,904.16429431742,-565.93149753089,41.007103686096,0.020149155866773,721.16141092207,0.016943361610174,-0.052683234214783,-0.3957180082798,87.571662379437,0.020149155866773,-3.5742764462451e-06,0,0.3,0,0.022050097346954,0.019042243923927,41.007008565517,0,0,