time,Rear Driveshaft is broken,
0.0090000005438924,false,
5.0225003100932,false,
10.036500617862,false,
15.054500957951,false,