time,Rear Driveshaft is broken,
0.0090000005438924,false,
5.0255002863705,false,
10.042000578716,false,
15.054500944912,false,
20.096501269378,false,
25.145501338877,false,
30.202001393773,false,
35.251501434483,false,
40.307501488365,false,
45.368001551367,false,
50.404001631774,false,
55.466501698829,false,
60.523501754738,false,
65.536001870409,false,