time,Rear Driveshaft is broken,
0.0095000006258488,false,
5.022000300698,false,
10.038500605151,false,
15.067500944249,false,
20.130001020618,false,
25.18900108058,false,
30.201501166448,false,
35.214001513086,false,