time,Rear Driveshaft is broken,
0.0095000006258488,false,
5.0185003029183,false,
10.035000615753,false,
15.053500965238,false,
20.068001315929,false,