time,Rear Driveshaft is broken,
0.008500000461936,false,
5.0230002906173,false,
10.03900060989,false,