{
  "externalForce":true,
  "path":[
    {
      "dir":{"x":-0.237417464,"y":-0.9710897578,"z":-0.02485216438},
      "t":0.2527830303,
      "up":{"x":0,"y":0,"z":1},
      "x":903.4541626,
      "y":-574.1275635,
      "z":40.37332535
    },
    {
      "t":1.975365758,
      "x":898.9100342,
      "y":-592.7140503,
      "z":39.8976593
    },
    {
      "t":4.022628307,
      "x":890.8319702,
      "y":-613.9780273,
      "z":40.07528305
    }
  ]
}