time,Rear Driveshaft is broken,
0.0090000005438924,false,
5.0200003078207,false,
10.036000628024,false,
15.050000952557,false,
20.066001278348,false,
25.075501604937,false,