time,Rear Driveshaft is broken,
0.0090000005438924,false,
5.0185003019869,false,
10.03150059469,false,
15.046000966802,false,