time,Rear Driveshaft is broken,
0.008500000461936,false,
5.0215002857149,false,
10.038500580005,false,
15.049000944942,false,
20.068501303904,false,