time,vehicle x-position,vehicle y-position,vehicle z-position,velocity (m/s),revolutions per minute,roll (radians),pitch (radians),yaw (radians),water temperature (Celsius),velocity (m/s),rotation of the steering wheel,throttle,brake,clutch,airspeed,airflow speed,altitude,reverse,throttle,
0.0090000005438924,904.42718933339,-380.58301040623,43.277894996994,7.1451031792803,2919.6740333536,-0.01017396710813,0.06504200398922,-0.084129266440868,83.798696652375,7.1451031792803,3.7234958260607,0.93980125873588,0,0,6.9708590761721,6.8531131126924,43.265833755231,0,0.93980125873588,
5.0180003130808,901.92238598457,-467.56831778027,43.071666244396,22.494846084753,5357.4132378963,-0.01488998439163,-0.010231043212116,0.071635976433754,88.199039100551,22.494846084753,14.484259800765,0.1446158580389,0,0,22.496582128914,22.500013534263,43.075430576253,0,0.1446158580389,
10.029500625096,904.9727601856,-559.69421347324,41.346713435778,8.8431527533529,730.30453608579,0.063188605010509,-0.076771460473537,-0.46412867307663,87.481250980463,8.8431527533529,40.041102750902,0,0.3,0,9.0804678069667,9.2855859295925,41.3699873877,0,0,
15.047500964254,903.10830828381,-564.64337732711,41.059896351641,0.0017079753342771,729.51002054023,0.032132476568222,-0.026414213702083,-1.3659255504608,87.531993136593,0.0017079753342771,1.433944391798e-07,0,0.3,0,0.0049900483827519,0.0058483803493501,41.059894127909,0,0,