time,Rear Driveshaft is broken,
0.0090000005438924,false,
5.0180003130808,false,
10.029500625096,false,
15.047500964254,false,