time,Rear Driveshaft is broken,
0.0090000005438924,false,
5.0260003143921,false,
10.040000621229,false,
15.056500965729,false,