time,Rear Driveshaft is broken,
0.0090000005438924,false,
5.0185003001243,false,
10.032000605017,false,
15.051000972278,false,
20.070501327515,false,