time,vehicle x-position,vehicle y-position,vehicle z-position,velocity (m/s),revolutions per minute,roll (radians),pitch (radians),yaw (radians),water temperature (Celsius),velocity (m/s),rotation of the steering wheel,throttle,brake,clutch,airspeed,airflow speed,altitude,reverse,throttle,
0.0090000005438924,906.03278540597,-333.59169663629,41.275539236529,6.0421194061361,2530.5862603805,-0.004325027577579,0.047771979123354,-0.062368504703045,83.080388244633,6.0421194061361,-1.8145391558413,0.96414992877911,0,0,5.873277839071,5.7525681985888,41.270495937885,0,0.96414992877911,
5.0250002965331,902.4865431221,-418.45844727848,43.882183053072,25.91011923978,5060.9090659522,0.011447962373495,0.001687653362751,-0.037370320409536,91.214000337338,25.91011923978,-0.58038128505258,0.5,0,0,25.813735780471,25.741999546206,43.890413459053,0,0.5,
10.038000601344,904.36227016873,-572.26478615403,40.68332648807,28.130987617213,4355.6578000775,0.028967728838325,-0.059913773089647,-0.19199107587337,90.307627767468,28.130987617213,-74.053473432661,0,0.47967638103702,0,28.363718052179,28.514055654061,40.737263205129,0,0,
15.052000959404,897.81063773331,-605.6383576044,40.066891483608,0.017921602783812,731.18539065088,8.3921477198601e-05,-0.014882524497807,-2.0981433391571,90.307767322284,0.017921602783812,1.8431078092312e-07,0,0.3,0,0.011840751201109,0.0080635586781615,40.066872383207,0,0,
20.067001324147,897.81103809384,-605.63853734467,40.067254854264,0.0030300764827555,729.62357474224,0.00053098704665899,-0.014815852046013,-2.0984330177307,90.351132037851,0.0030300764827555,0,0,0.3,0,0.0034984478841022,5.6110505030774e-05,40.067254957337,0,0,