time,Rear Driveshaft is broken,
0.0090000005438924,false,
5.0250002965331,false,
10.038000601344,false,
15.052000959404,false,
20.067001324147,false,