time,Rear Driveshaft is broken,
0.0090000005438924,false,
5.0205003106967,false,
10.031000613235,false,
15.048000926152,false,
20.063001275063,false,